*GTD.Neukunden

 FLAG ; DE-BL ; Benutzername        ; Passwort     ; Mail                                ; Vorname     ; Nachname      ; Adresse1                      ; Adresse2  ;  PLZ  ; Ort                    ; Land          ; Telefonnummer
==========================================================================================================================================================================================================================================
  OK  ; DE-BB ; engelbert.pollmann  ;  engel       ; engelbert.pollmann@t-online.de      ; Engelbert   ; Pollmann      ; Wollnerstraße 8               ;           ; 16230 ; Chorin                 ; Germany       ; 01578 / 618 275 54
  OK  ; DE-BB ; herold              ;  herol       ; herold@google.de                    ; Alheidis    ; Herold        ; Hebebrandbrücke 49            ;           ; 16928 ; Lindenberg             ; Germany       ; 06403 / 50 87 400
  OK  ; DE-BB ; j.henkel            ;  j.hen       ; j.henkel@arcor.de                   ; Janna       ; Henkel        ; Ahornstraße 37                ;           ; 15345 ; Prötzel                ; Germany       ; 033436 / 96 65 625
  OK  ; DE-BE ; friedegund.baer     ;  fried       ; friedegund.baer@google.fr           ; Friedegund  ; Baer          ; Rennsteig 29                  ;           ; 13629 ; Berlin                 ; Germany       ; 030 / 40 35 934
  OK  ; DE-BW ; almut.kleber        ;  almut       ; almut.kleber@google.fr              ; Almut       ; Kleber        ; Rodachtalweg 26               ;           ; 73345 ; Hohenstadt             ; Germany       ; 033744 / 77 80 813
  OK  ; DE-BW ; kopper30            ;  koppe       ; kopper30@google.fr                  ; Danica      ; Kopper        ; Vollsackstraße 39             ;           ; 88637 ; Leibertingen           ; Germany       ; 05175 / 90 91 461
  OK  ; DE-BY ; emde87              ;  emde8       ; emde87@web.de                       ; Ringo       ; Emde          ; Frankfurter Straße 32         ;           ; 93095 ; Hagelstadt             ; Germany       ; 01519 / 590 803 90
  OK  ; DE-BY ; ggoller             ;  ggoll       ; ggoller@web.de                      ; Gitte       ; Goller        ; Niddagaustraße 30             ;           ; 90596 ; Schwanstetten          ; Germany       ; 09170 / 21 73 161
  OK  ; DE-BY ; j.ullrich           ;  j.ull       ; j.ullrich@google.com                ; Josef       ; Ullrich       ; Coschätzer Höhe 36            ;           ; 94559 ; Niederwinkling         ; Germany       ; 0174 / 126 321 43
  OK  ; DE-BY ; lilia.wetzel        ;  lilia       ; lilia.wetzel@web.de                 ; Lilia       ; Wetzel        ; Mundsburger Damm 49           ;           ; 90425 ; Nürnberg               ; Germany       ; 0911 / 60 78 315
  OK  ; DE-HH ; birke.wassermann    ;  birke       ; birke.wassermann@t-online.de        ; Birke       ; Wassermann    ; Westpreußenweg 47             ;           ; 22175 ; Hamburg                ; Germany       ; 040 / 62 79 809
  OK  ; DE-MV ; barz50              ;  barz5       ; barz50@google.fr                    ; Ludmilla    ; Barz          ; Am Selzerbrunnen 18           ;           ; 17237 ; Grönow                 ; Germany       ; 037294 / 86 73 318
  OK  ; DE-MV ; gabriel.vaupel      ;  gabri       ; gabriel.vaupel@yahoo.de             ; Gabriel     ; Vaupel        ; Giselbertstraße 6             ;           ; 18195 ; Tessin                 ; Germany       ; 035456 / 68 36 700
  OK  ; DE-MV ; hweidlich           ;  hweid       ; hweidlich@yahoo.com                 ; Haimo       ; Weidlich      ; Bruckergasse 45               ;           ; 17498 ; Mesekenhagen           ; Germany       ; 038351 / 37 41 869
  OK  ; DE-MV ; preiss90            ;  preis       ; preiss90@web.de                     ; Heini       ; Preiß         ; Liliengasse 24                ;           ; 19217 ; Schlagsdorf            ; Germany       ; 05335 / 56 19 650
  OK  ; DE-NI ; diethardt.schwalm   ;  dieth       ; diethardt.schwalm@google.com        ; Diethardt   ; Schwalm       ; Ulmenstraße 43                ;           ; 21255 ; Wistedt                ; Germany       ; 02742 / 72 35 351
  OK  ; DE-NI ; hkessel             ;  hkess       ; hkessel@live.com                    ; Hiltrude    ; Kessel        ; Bauhofstraße 32               ;           ; 27616 ; Heerstedt              ; Germany       ; 01511 / 503 410 35
  OK  ; DE-NI ; hsperber            ;  hsper       ; hsperber@google.de                  ; Herfried    ; Sperber       ; Schönbornreihe 25             ;           ; 26906 ; Dersum                 ; Germany       ; 0172 / 648 648 84
  OK  ; DE-NI ; t.lackner           ;  t.lac       ; t.lackner@google.com                ; Tell        ; Lackner       ; Aschebachstraße 26            ;           ; 21770 ; Mittelstenahe          ; Germany       ; 08262 / 74 81 523
  OK  ; DE-NW ; joscha.roessler     ;  josch       ; joscha.roessler@google.de           ; Joscha      ; Rößler        ; Maulbeerwiese 11              ;           ; 40235 ; Düsseldorf             ; Germany       ; 034386 / 27 54 218
  OK  ; DE-RP ; kohl81              ;  kohl8       ; kohl81@live.com                     ; Gislind     ; Kohl          ; Häpers Kamp 2                 ;           ; 66917 ; Knopp-Labach           ; Germany       ; 09527 / 21 85 503
  OK  ; DE-RP ; nweissenborn        ;  nweis       ; nweissenborn@arcor.de               ; Nathalie    ; Weißenborn    ; Klöckelsbergstraße 49         ;           ; 54646 ; Burg                   ; Germany       ; 0170 / 209 794 32
  OK  ; DE-RP ; s.schober           ;  s.sch       ; s.schober@web.de                    ; Sigfried    ; Schober       ; Franz Schubert-Platz 14       ;           ; 54413 ; Bescheid               ; Germany       ; 0173 / 828 306 98
  OK  ; DE-RP ; s.troeger           ;  s.tro       ; s.troeger@web.de                    ; Solveig     ; Tröger        ; Bonnewitzer Weg 41            ;           ; 56368 ; Klingelbach            ; Germany       ; 01577 / 890 592 25
  OK  ; DE-RP ; tschubert           ;  tschu       ; tschubert@yahoo.com                 ; Theodeline  ; Schubert      ; Kirchenstraße 1               ;           ; 56412 ; Oberelbert             ; Germany       ; 08404 / 31 78 688
  OK  ; DE-RP ; w.kettner           ;  w.ket       ; w.kettner@google.com                ; Wendeline   ; Kettner       ; Malerstraße 2                 ;           ; 54576 ; Hillesheim             ; Germany       ; 05373 / 66 23 371
  OK  ; DE-SH ; ewiebe              ;  ewieb       ; ewiebe@t-online.de                  ; Elma        ; Wiebe         ; Löwengasse 39                 ;           ; 25813 ; Schwesing              ; Germany       ; 01519 / 549 410 85
  OK  ; DE-SH ; fast                ;  fast        ; fast@google.fr                      ; Gerwin      ; Fast          ; Bonhoefferstraße 12           ;           ; 23826 ; Fredesdorf             ; Germany       ; 01521 / 856 702 76
  OK  ; DE-SH ; gwegmann            ;  gwegm       ; gwegmann@gmx.de                     ; Goswin      ; Wegmann       ; Gustav-Voigt-Straße 4         ;           ; 25709 ; Kaiser-Wilhelm-Koog    ; Germany       ; 01523 / 669 250 13
  OK  ; DE-SH ; hdoehler            ;  hdoeh       ; hdoehler@web.de                     ; Henrike     ; Döhler        ; Kümmelschänkenweg 3           ;           ; 25709 ; Marnerdeich            ; Germany       ; 04851 / 95 34 527
  OK  ; DE-SH ; kuebler             ;  kuebl       ; kuebler@t-online.de                 ; Lieschen    ; Kübler        ; Ruth-Moufang-Straße 17        ;           ; 25560 ; Agethorst              ; Germany       ; 01516 / 240 744 38
  OK  ; DE-SH ; ritz                ;  ritz        ; ritz@google.de                      ; Lintrud     ; Ritz          ; Baumwiesenweg 24              ;           ; 24217 ; Wisch                  ; Germany       ; 0160 / 775 411 12
  OK  ; DE-SH ; vappelt             ;  vappe       ; vappelt@t-online.de                 ; Valentin    ; Appelt        ; Gruneliusstraße 8             ;           ; 25873 ; Rantrum                ; Germany       ; 04848 / 51 57 698
  OK  ; DE-SH ; wurst87             ;  wurst       ; wurst87@yahoo.com                   ; Lilli       ; Wurst         ; Brückenstr. 47                ;           ; 23919 ; Niendorf               ; Germany       ; 05021 / 39 14 242
  OK  ; DE-SN ; cschaffner          ;  cscha       ; cschaffner@arcor.de                 ; Caren       ; Schaffner     ; Papstdorfer Straße 8          ;           ; 04523 ; Elstertrebnitz         ; Germany       ; 01572 / 613 640 37
  OK  ; DE-SN ; ingeburg.edler      ;  ingeb       ; ingeburg.edler@yahoo.com            ; Ingeburg    ; Edler         ; In der Au 41                  ;           ; 09350 ; Lichtenstein/Sachsen   ; Germany       ; 07129 / 76 93 511
  OK  ; DE-ST ; abraham             ;  abrah       ; abraham@gmx.com                     ; Brunhild    ; Abraham       ; Ludwig-Erhard-Anlage 29       ;           ; 06420 ; Gerlebogk              ; Germany       ; 01516 / 152 690 67
  OK  ; DE-ST ; fries9              ;  fries       ; fries9@google.de                    ; Christhart  ; Fries         ; Heidelbachstraße 14           ;           ; 39116 ; Magdeburg              ; Germany       ; 0391 / 78 68 233
  OK  ; DE-ST ; gerhardt.gohlke     ;  gerha       ; gerhardt.gohlke@gmx.de              ; Gerhardt    ; Gohlke        ; Seeheimer Straße 28           ;           ; 06449 ; Wilsleben              ; Germany       ; 035204 / 54 91 130
  OK  ; DE-ST ; h.wurm              ;  h.wur       ; h.wurm@google.de                    ; Hartmund    ; Wurm          ; Schwarze Straße 42            ;           ; 39319 ; Jerichow               ; Germany       ; 039343 / 38 43 911
  OK  ; DE-TH ; gglass              ;  gglas       ; gglass@google.fr                    ; Gesine      ; Glaß          ; Hildegard-von-Bingen-Weg 38   ;           ; 07381 ; Pößneck                ; Germany       ; 03647 / 72 47 314
  OK  ; DE-TH ; h.marschall         ;  h.mar       ; h.marschall@yahoo.com               ; Heiner      ; Marschall     ; Stavenort-Brücke 25           ;           ; 37327 ; Kallmerode             ; Germany       ; 0178 / 964 868 77
  OK  ; DE-TH ; r.kloos             ;  r.klo       ; r.kloos@google.com                  ; Rainhardt   ; Kloos         ; Fohlengartenstr. 31           ;           ; 98744 ; Deesbach               ; Germany       ; 01523 / 323 182 32
  OK  ; DE-TH ; stracke31           ;  strac       ; stracke31@t-online.de               ; Ulfried     ; Stracke       ; Rapunzelgasse 38              ;           ; 37355 ; Kleinbartloff          ; Germany       ; 039399 / 59 31 587
  OK  ; US-NY ; NYtemi44            ; ZIAD522-oppc ; Teresa.Minor.sen@zohomail.com       ; Teresa      ; Minor         ; 20 Highland Meadows           ;           ; 14776 ; Rossburg               ; United States ; +1-413-555-0138
  OK  ; US-FL ; FLdabe97            ; IOPS816-qedc ; Danny.Beal.sen@gmail.com            ; Danny       ; Beal          ; 8 Jefferson Stream            ;           ; 33608 ; Tampa                  ; United States ; +1-207-555-0165
  OK  ; US-FL ; FLelcu62            ; IVEB149-hjro ; Ellen.Cummings.sen@protonmail.com   ; Ellen       ; Cummings      ; 29 Jackson Village            ;           ; 32872 ; Orlando                ; United States ; +1-508-555-0140
  OK  ; US-PA ; PArapr52            ; NKVG622-ocxu ; Randall.Pritchard.sen@outlook.com   ; Randall     ; Pritchard     ; 33 Valley Path                ;           ; 15057 ; McDonald               ; United States ; +1-603-555-0178
  OK  ; US-NY ; NYwefo89            ; CTIR975-zfpy ; Wesley.Foley.sen@yahoo.com          ; Wesley      ; Foley         ; 1 Chestnut Trail              ;           ; 11720 ; Centereach             ; United States ; +1-607-555-0107
  OK  ; US-NY ; NYanst86            ; AUOC626-pzdq ; A.Strickland@email.com              ; Anne        ; Strickland    ; 25 West Parkway               ;           ; 13482 ; West Burlington        ; United States ; +1-607-555-0168
  OK  ; US-WV ; WVhado40            ; TZWX847-ezil ; H.Doyle@aol.com                     ; Harry       ; Doyle         ; 16 Sunset Neck                ;           ; 26160 ; Palestine              ; United States ; +1-603-555-0158
  OK  ; US-CA ; CAloyb51            ; FNFY679-ezde ; L.Ybarra@mail.com                   ; Loretta     ; Ybarra        ; 10 2nd Key                    ;           ; 92823 ; Brea                   ; United States ; +1-860-555-0169
  OK  ; US-TN ; TNscdw52            ; AUVC179-gvfv ; Scott.Dwyer@myself.com              ; Scott       ; Dwyer         ; 24 East Avenue                ;           ; 37129 ; Murfreesboro           ; United States ; +1-845-555-0126
  OK  ; US-KS ; KSdimo74            ; UHCM642-rwuz ; Diana.Morse@gmx.com                 ; Diana       ; Morse         ; 22 5th Estates                ;           ; 66091 ; Welda                  ; United States ; +1-202-555-0144
  OK  ; US-PA ; PAanos25            ; MPXM950-cjdx ; Osborne15@tutanota.com              ; Annie       ; Osborne       ; 12 River Trailer              ;           ; 15801 ; Du Bois                ; United States ; +1-207-555-0171
  OK  ; US-MO ; MOgrho45            ; GXUQ966-akaf ; Gregory.Hobson.jr@zohomail.com      ; Gregory     ; Hobson        ; 10 Lake View                  ;           ; 65433 ; Bendavis               ; United States ; +1-585-555-0166
  OK  ; US-NY ; NYerhe59            ; RFMD805-tfuh ; Eric.Hemphill.jr@gmail.com          ; Eric        ; Hemphill      ; 26 Railroad Square            ;           ; 11547 ; Glenwood Landing       ; United States ; +1-585-555-0127
  OK  ; US-CA ; CAcasc16            ; BMMX666-wfmk ; Carl.Schmitt@protonmail.com         ; Carl        ; Schmitt       ; 23 Cedar Manor                ;           ; 95701 ; Alta                   ; United States ; +1-603-555-0115
  OK  ; US-MA ; MAgedo48            ; WPAO607-osfl ; Gerald.Dodson.jr@outlook.com        ; Gerald      ; Dodson        ; 5 4th Light                   ;           ; 02495 ; Nonantum               ; United States ; +1-717-555-0181
  OK  ; US-IN ; INgerh43            ; HEAV215-apfh ; Rhoades66@yahoo.com                 ; Geraldine   ; Rhoades       ; 4 Walnut Mills                ;           ; 47326 ; Bryant                 ; United States ; +1-203-555-0195
  OK  ; US-CA ; CArofi16            ; XABY189-bdxf ; Field93@email.com                   ; Ronald      ; Field         ; 27 Forest Plain               ;           ; 96006 ; Adin                   ; United States ; +1-617-555-0149
  OK  ; US-CA ; CAveve67            ; WYGM735-ykcl ; Veronica.Ventura.jr@aol.com         ; Veronica    ; Ventura       ; 26 North Islands              ;           ; 91720 ; Corona                 ; United States ; +1-845-555-0156
  OK  ; US-MN ; MNanca58            ; JPGP604-fojp ; Annette31@mail.com                  ; Annette     ; Castaneda     ; 16 Mill Road                  ;           ; 56036 ; Glenville              ; United States ; +1-516-555-0131
  OK  ; US-TX ; TXtoro19            ; MULM742-uoll ; T.Rogers@myself.com                 ; Tommy       ; Rogers        ; 36 Spring Green               ;           ; 75928 ; Bon Wier               ; United States ; +1-908-555-0108
  OK  ; US-OR ; ORjega41            ; VZXH592-gimw ; Jesse.Gamble.sen@gmx.com            ; Jesse       ; Gamble        ; 30 Hill Run                   ;           ; 97482 ; Thurston               ; United States ; +1-845-555-0161
  OK  ; US-IL ; ILrasi14            ; JZXE632-gxds ; Ralph39@tutanota.com                ; Ralph       ; Sinclair      ; 9 Lincoln Courts              ;           ; 60433 ; Joliet                 ; United States ; +1-814-555-0177
  OK  ; US-WA ; WAflba10            ; WFMP227-bqtn ; Baldwin27@zohomail.com              ; Florence    ; Baldwin       ; 28 Church Gardens             ;           ; 99173 ; Springdale             ; United States ; +1-603-555-0185
  OK  ; US-NC ; NCralo47            ; WQUB111-tooq ; R.Lopez@gmail.com                   ; Rachel      ; Lopez         ; 14 12trh Ridge                ;           ; 28233 ; Charlotte              ; United States ; +1-603-555-0124
  OK  ; US-NV ; NVkame21            ; NGZX363-nfxh ; Katherine.Meza.jr@protonmail.com    ; Katherine   ; Meza          ; 15 Park Extension             ;           ; 89826 ; Jarbidge               ; United States ; +1-860-555-0173
  OK  ; US-SC ; SCmigo29            ; YGQM342-ddmc ; Micheal.Gordon.sen@outlook.com      ; Micheal     ; Gordon        ; 4 8th Shoal                   ;           ; 29082 ; Lodge                  ; United States ; +1-845-555-0109
  OK  ; US-IN ; INlamo11            ; EJEY484-yrfq ; Moreno13@yahoo.com                  ; Lauren      ; Moreno        ; 18 9th Springs                ;           ; 46154 ; Maxwell                ; United States ; +1-717-555-0129
  OK  ; US-TX ; TXjode62            ; MFYO847-nnlq ; Joseph.Dennison.jr@email.com        ; Joseph      ; Dennison      ; 25 Wilson Trace               ;           ; 75371 ; Dallas                 ; United States ; +1-607-555-0134
  OK  ; US-AR ; ARglme94            ; QWXL219-alub ; G.Mead@aol.com                      ; Glenn       ; Mead          ; 28 Oak Court                  ;           ; 72401 ; Jonesboro              ; United States ; +1-315-555-0129
  OK  ; US-MA ; MAlemc32            ; ZIDB270-qtfx ; Mccord88@mail.com                   ; Leo         ; Mccord        ; 13 1st Tunnel                 ;           ; 02673 ; West Yarmouth          ; United States ; +1-603-555-0121
  OK  ; US-IL ; ILcabl23            ; AQHO619-ttms ; Catherine45@myself.com              ; Catherine   ; Bledsoe       ; 21 3rd Crossing               ;           ; 62949 ; Hurst                  ; United States ; +1-413-555-0119
  OK  ; US-NC ; NCedbl21            ; GVXQ830-jycd ; Edwin.Block.jr@gmx.com              ; Edwin       ; Block         ; 28 Maple Point                ;           ; 28383 ; Rowland                ; United States ; +1-518-555-0185
  OK  ; US-CO ; COchsh14            ; NGQD341-blnr ; Christina.Sheppard.sen@tutanota.com ; Christina   ; Sheppard      ; 26 7th Cove                   ;           ; 80429 ; Climax                 ; United States ; +1-203-555-0185
  OK  ; US-AR ; ARanwe50            ; OIXB530-fglq ; Anna.Webb.sen@zohomail.com          ; Anna        ; Webb          ; 30 Cherry Hollow              ;           ; 72575 ; Salado                 ; United States ; +1-862-555-0144
  OK  ; US-NY ; NYclpa96            ; ASYR164-apii ; C.Payton@gmail.com                  ; Clarence    ; Payton        ; 7 10th Glen                   ;           ; 11217 ; Brooklyn               ; United States ; +1-508-555-0146
  OK  ; US-FL ; FLjuwe63            ; UEVX983-qtsv ; Judy48@protonmail.com               ; Judy        ; Welch         ; 17 Pine Walk                  ;           ; 32409 ; Panama City            ; United States ; +1-413-555-0182
  OK  ; US-AR ; ARelbl51            ; YAPY498-hjlm ; Blair37@outlook.com                 ; Elsie       ; Blair         ; 4 11th Bend                   ;           ; 71932 ; Board Camp             ; United States ; +1-609-555-0176
  OK  ; US-FL ; FLevto17            ; EWWB636-drlo ; Evelyn.Tolbert@yahoo.com            ; Evelyn      ; Tolbert       ; 6 Meadow Forks                ;           ; 32323 ; Lanark Village         ; United States ; +1-518-555-0124
  OK  ; US-KS ; KSbrhi45            ; YZXU437-daqk ; Bradley.Hickey.sen@email.com        ; Bradley     ; Hickey        ; 20 View Shoals                ;           ; 67056 ; Halstead               ; United States ; +1-202-555-0113
  OK  ; US-OH ; OHrivi19            ; FKKV740-icrb ; Vickers58@aol.com                   ; Rick        ; Vickers       ; 20 Hickory Radial             ;           ; 44646 ; Massillon              ; United States ; +1-607-555-0188
  OK  ; US-PA ; PAfrmo11            ; BRKU507-plqz ; Francisco.Moseley@mail.com          ; Francisco   ; Moseley       ; 28 Willow Oval                ;           ; 17317 ; East Prospect          ; United States ; +1-518-555-0194
  OK  ; US-WA ; WAphgu90            ; SIYL945-wbif ; Philip.Guerra.jr@myself.com         ; Philip      ; Guerra        ; 18 Smith Junction             ;           ; 98566 ; Neilton                ; United States ; +1-412-555-0157
  OK  ; US-MN ; MNmamc96            ; UBZU202-ehqp ; Marcus83@gmx.com                    ; Marcus      ; Mcwilliams    ; 20 6th Mill                   ;           ; 56328 ; Flensburg              ; United States ; +1-814-555-0169
  OK  ; US-GA ; GAkimo71            ; YYQT924-jpod ; K.Molina@tutanota.com               ; Kim         ; Molina        ; 20 Johnson Hills              ;           ; 31036 ; Hawkinsville           ; United States ; +1-401-555-0137
  OK  ; US-WA ; WAkaho73            ; LXIR103-zgti ; Kathryn76@zohomail.com              ; Kathryn     ; Hollingsworth ; 1 Center Rapids               ;           ; 98607 ; Camas                  ; United States ; +1-518-555-0138
  OK  ; US-LA ; LAroph32            ; OVLL415-vfjp ; Robin.Pham.jr@gmail.com             ; Robin       ; Pham          ; 3 Ridge Club                  ;           ; 70833 ; Baton Rouge            ; United States ; +1-724-555-0108
  OK  ; US-IN ; INmawe50            ; FJUJ357-nadm ; Maria.Weeks.sen@protonmail.com      ; Maria       ; Weeks         ; 36 South Rest                 ;           ; 47585 ; Stendal                ; United States ; +1-631-555-0184
  OK  ; US-KY ; KYjejo82            ; WEAI936-qalu ; J.Jorgensen@outlook.com             ; Jerry       ; Jorgensen     ; 2 Washington Spring           ;           ; 41616 ; David                  ; United States ; +1-585-555-0109
  OK  ; US-CA ; CAboxi20            ; AHRW118-heag ; Bobby.Xiong@yahoo.com               ; Bobby       ; Xiong         ; 7 Elm Bypass                  ;           ; 95453 ; Lakeport               ; United States ; +1-518-555-0160
  OK  ; US-GA ; GAedco82            ; ZOWH616-cjbe ; Edward.Cowan.jr@email.com           ; Edward      ; Cowan         ; 1 Main Corner                 ;           ; 30664 ; Sharon                 ; United States ; +1-716-555-0172
  OK  ; US-TX ; TXglfr50            ; HDZR205-zueo ; Gladys.Franklin.jr@aol.com          ; Gladys      ; Franklin      ; 18 Highland Plains            ;           ; 88572 ; El Paso                ; United States ; +1-609-555-0152
  OK  ; US-NY ; NYchbl59            ; DVQL211-hqlq ; C.Bland@mail.com                    ; Christine   ; Bland         ; 6 Jefferson Forge             ;           ; 10984 ; Thiells                ; United States ; +1-607-555-0167
  OK  ; US-MI ; MInolu37            ; LQOH673-admm ; Norman12@myself.com                 ; Norman      ; Lujan         ; 25 Jackson Row                ;           ; 48205 ; Detroit                ; United States ; +1-315-555-0183
  OK  ; US-IL ; ILammc58            ; NGCQ889-bggd ; A.Mcknight@gmx.com                  ; Amy         ; Mcknight      ; 7 Valley Creek                ;           ; 61764 ; Pontiac                ; United States ; +1-845-555-0117



































